Gene	RNA Tissue Category	RNA TS TPM	BaseMean	log2FoldChange	lfcSE	stat	P value	P value adjusted
KRT23	Tissue enhanced	placenta: 68.6;skin: 70.9	70.35446863	2.799165117	0.605604143	4.622103645	3.80E-06	0.017884478
CCL2	Expressed in all		236.1565215	1.72796674	0.390540617	4.42455065	9.66E-06	0.031273749
CCL20	Tissue enhanced	gallbladder: 269.7;tonsil: 155.2	80.0260802	2.283272527	0.468381477	4.874813884	1.09E-06	0.008223513
CHIT1	Group enriched	bone marrow: 31.3;breast: 10.9;cervix, uterine: 13.5;lung: 53.2;lymph node: 21.0	11.05252245	2.858811332	0.630183262	4.536476137	5.72E-06	0.021595646
LOXL4	Mixed		98.67105862	1.697050299	0.340787192	4.979794843	6.37E-07	0.007209193
